Name,Age
Richard Collins,59
Kelly Schroeder,81
Katherine Walker,81
Eric Chen,81
Tiffany Garcia,74
Tiffany Rodriguez,78
Andrew Wright,71
Donald Martin,88
Dominique Carpenter,89
Chris Hicks,53
Melissa Blankenship,51
Ryan Jordan,76
Christopher Ruiz,50
Peter Lopez,85
Brittany Bartlett,64
Dr. Brittany Edwards,69
Christine Mason,68
Allen Jones,87
Steven Tran,85
Miranda Peterson,93
Kelly Parsons,74
Jenna Morris,58
Danny Juarez,64
Margaret Pena,84
Jermaine Warren,56
Stacy King,70
Micheal Clark,70
Brian Wilcox V,88
Lisa Harrington,50
Evelyn Fernandez,56
Marie Hebert,56
Nicholas Boyd,97
Alexander Martin,94
Denise Pratt,81
Holly Fisher,68
Hannah White,96
Amanda Smith,67
Stephen Norman,98
Daniel Fisher,90
Noah Taylor,88
Terry Chavez,74
Mark Chambers,59
Cristian Wolfe,70
Cathy Sanchez,92
Christopher Morales,96
Olivia Turner,75
Robert Barton,70
Rick Barron,70
Donna Stephens,60
Alyssa Church,73
Todd Harris,59
Anthony Brewer,90
Michael Rivas,79
Patrick Galvan,70
Jeffrey Copeland,69
Sylvia Garza DVM,78
David Cook,92
Lisa Garcia,59
Emily Wright,84
Paula Bell,65
Kelly Fields,58
Victoria Morton,75
Cheryl Schwartz,95
Thomas Sanchez,95
Justin Smith,68
Kathryn Campbell,54
Daniel Suarez,77
Jordan Shaw,59
Karen Hatfield,84
Amy Roth,69
Michael Walker,54
Brian Smith,53
Sally Black,74
Ariana Blackwell,91
Olivia Adams,84
Benjamin Foster,80
Carla Smith,75
Tyrone Clayton DVM,84
Amanda Benton,90
Andrew Peters,66
Elizabeth Estrada,92
Shannon Evans,53
Amber Garcia,53
Ms. Lauren Estes,90
Lisa Olson,81
Steven Boyd,88
Keith Adams,64
David Valenzuela,93
Laura Franklin,65
Jessica Vazquez,98
Barbara May,78
James Kelley,95
John Barker,67
Valerie Warren,100
Julian Dawson,56
Matthew Griffin,65
Michelle Hull,68
Sarah Moyer,76
Cindy Branch,51
Kristen Jones,85
Stephen Allen,93
Valerie Bennett,93
Christopher Erickson,51
James Olsen,85
John Morris,69
Anne Martin,59
Kathleen Bailey,99
Mark Brown,86
Mary Fowler,67
Terry Cordova,87
Kimberly Nguyen,97
Dale Wu,68
Brian Cox,52
Kristen Curry,87
William Collier,80
Kimberly Johnson,98
Amy Mccoy,74
Lindsey Carlson,100
Donald Rodgers,60
Ryan Wiggins,91
Joseph Mitchell,81
Steven Kennedy,95
Stephanie Valentine,90
Terry Mitchell,90
Robert Adams,62
Megan Morgan,56
Robert Lin,80
Robert Smith,54
Kim Smith,76
Tracy Sanchez,82
Jeffrey Farley,89
Teresa Joseph,61
Lisa Patterson,53
David Peterson,66
Erin Juarez,78
Jesse Nelson,66
Brett Clark,71
Latoya Hernandez,53
Brad Hawkins,99
Christian Scott,67
Jennifer Sanders,75
Robert Reed,82
Christina Macdonald,91
April Davis,99
Sarah Diaz,100
Darren Blankenship,87
James Wright,91
Krista Robertson,100
Brenda Anderson,89
Jeffrey Elliott,86
Derek Santos,64
Glen Maldonado,91
Angela Rasmussen,72
Shannon Bridges,94
Sarah Peterson,83
Jacqueline Miller,62
Brian Hayes,51
Adrian Nguyen,75
Lisa Wilson,92
Roger Lyons,77
Benjamin Miller,96
Andrea Larson,94
Jimmy Harris,87
Brenda Pope,77
Tony Burns,50
Shane Moore,79
Meredith Murphy,84
Cynthia Hernandez,100
Michael Berger,75
Mrs. Crystal Davis,84
Bonnie Welch,97
James Thomas,74
Thomas Davis,58
Terry Scott,94
Kaitlyn Rollins,70
Kenneth Williams,93
Jerome Holt,53
Joshua Chen,52
Joel Odom,54
Mary Ramirez,89
Gail Burton,54
Alan Brown,75
Brian Chung,51
Sergio Hendrix,94
Julie Stevens,99
Kristen Aguilar,80
Christina Acosta,82
Angelica Cunningham,95
